"CMOR Table Omon: Monthly Mean Ocean Fields, Including Biogechemical Fields",,,,,Omon,mon,,,,,,,,,,,,,,,,
(All Saved on the Ocean Grid),,,,,,,,,,,,,,,,,,,,,,
,,,,,,,,,,,,,,,,,,,,,,
,,,,,,,,,,,,,,,,,,,,,,
,,,,,,,,,,,,,,,,,,,,,,
,,,,,,,,,,,,,,,,,,,,,,
,,,,,,,,,,,,,,,,,,,,,,
,,,,,,,,,,,,,,,,,,,,,,
,,,,,,,,,,,,,,,,,,,,,,
,,,,,,,,,,,,,,,,,,,,,,
In CMOR Table Omon: Marine Biogeochemical 2-D Fields,,,,,,,,,,,,,,,,,,,,,,
priority,long name,units ,comment ,questions,output variable name ,standard name,unconfirmed or proposed standard name,unformatted units,cell_methods,valid min,valid max,mean absolute min,mean absolute max,positive,type,CMOR dimensions,CMOR variable name,realm,frequency,cell_measures,flag_values,flag_meanings
2.0,Surface Concentration of (+name of tracer),"mol m-3 or kg m-3 or 1, consistent with first table in Oyr","surface concentrations of all 3D tracers. See first table in Oyr for a complete list of these tracers.  ""Tracer""  concentations should be reported even if they are diagnosed rather than prognostically calculated.",,include Oyr 3D tracers,,,"mol m-3 or kg m-3 or 1, consistent with first table in Oyr",time: mean area: mean where sea,,,,,,real,longitude latitude time,,ocnBgchem,,area: areacello,,
1.0,Primary Organic Carbon Production by All Types of Phytoplankton,mol m-2 s-1,"Vertically integrated total primary (organic carbon) production by phytoplankton.  This should equal the sum of intpdiat+intpphymisc, but those individual components may be unavailable in some models.",,intpp,,net_primary_mole_productivity_of_carbon,mol m-2 s-1,time: mean area: mean where sea,,,,,,real,longitude latitude time,intpp,ocnBgchem,,area: areacello,,
2.0,Primary Organic Carbon Production by Phytoplankton Based on NO3 Uptake,mol m-2 s-1,Vertically integrated primary (organic carbon) production by phytoplankton based on NO3 alone,,intpnew,,net_new_primary_mole_productivity_of_carbon,mol m-2 s-1,time: mean area: where sea,,,,,,real,longitude latitude time,intpnew,ocnBgchem,,area: areacello,,
2.0,Primary Organic Carbon Production by Diatoms,mol m-2 s-1,Vertically integrated primary (organic carbon) production by the diatom phytoplankton component alone,,intpdiat,,net_primary_mole_productivity_of_carbon_by_diatoms,mol m-2 s-1,time: mean area: mean where sea,,,,,,real,longitude latitude time,intpdiat,ocnBgchem,,area: areacello,,
3.0,Net Primary Mole Productivity of Carbon by Diazatrophs,mol m-2 s-1,,,,,net_primary_mole_productivity_of_carbon_by_diazatrophs,mol m-2 s-1,time: mean area: where sea,,,,,,real,longitude latitude time,0.0,ocnBgchem,,area: areacello,,
3.0,Net Primary Mole Productivity of Carbon by Calcareous Phytoplankton,mol m-2 s-1,,,,,net_primary_mole_productivity_of_carbon_by_calcareous_phytoplankton,mol m-2 s-1,time: mean area: where sea,,,,,,real,longitude latitude time,0.0,ocnBgchem,,area: areacello,,
3.0,Net Primary Mole Productivity of Carbon by Picophytoplankton,mol m-2 s-1,,,,,net_primary_mole_productivity_of_carbon_by_picophytoplankton,mol m-2 s-1,time: mean area: where sea,,,,,,real,longitude latitude time,0.0,ocnBgchem,,area: areacello,,
,,,,,,,,,,,,,,,,,,,,,,
3.0,Primary Organic Carbon Production by Other Phytoplankton,mol m-2 s-1,Vertically integrated total primary (organic carbon) production by other phytoplankton components alone,,intpmisc,,net_primary_mole_productivity_of_carbon_by_miscellaneous_phytoplankton,mol m-2 s-1,time: mean area: where sea,,,,,,real,longitude latitude time,intpmisc,ocnBgchem,,area: areacello,,
3.0,Iron Production,mol m-2 s-1,Vertically integrated biogenic iron production,,intpbfe,,tendency_of_ocean_mole_content_of_iron_due_to_biological_production,mol m-2 s-1,time: mean area: mean where sea,,,,,,real,longitude latitude time,intpbfe,ocnBgchem,,area: areacello,,
3.0,Silica Production,mol m-2 s-1,Vertically integrated biogenic silica production,,intpbsi,,tendency_of_ocean_mole_content_of_silicon_due_to_biological_production,mol m-2 s-1,time: mean area: where sea,,,,,,real,longitude latitude time,intpbsi,ocnBgchem,,area: areacello,,
3.0,Calcite Production,mol m-2 s-1,Vertically integrated calcite production,,intpcalc,,tendency_of_ocean_mole_content_of_calcite_expressed_as_carbon_due_to_biological_production,mol m-2 s-1,time: mean area: mean where sea,,,,,,real,longitude latitude time,intpcalc,ocnBgchem,,area: areacello,,
3.0,Aragonite Production,mol m-2 s-1,Vertically integrated aragonite production,,intparag,,tendency_of_ocean_mole_content_of_aragonite_expressed_as_carbon_due_to_biological_production,mol m-2 s-1,time: mean area: where sea,,,,,,real,longitude latitude time,intparag,ocnBgchem,,area: areacello,,
1.0,Downward Flux of Particle Organic Carbon at 100M,mol m-2 s-1,sinking flux of organic carbon at 100m,,epc100,,sinking_mole_flux_of_particulate_organic_carbon_in_sea_water,mol m-2 s-1,time: mean area: mean where sea,,,,,down,real,longitude latitude time depth100m,epc100,ocnBgchem,,area: areacello,,
3.0,Downward Flux of Particulate Iron at 100M,mol m-2 s-1,sinking flux of biogenic and scavenged iron at 100m,,epfe100,,sinking_mole_flux_of_particulate_iron_in_sea_water,mol m-2 s-1,time: mean area: where sea,,,,,down,real,longitude latitude time depth100m,epfe100,ocnBgchem,,area: areacello,,
3.0,Downward Flux of Particulate Silica at 100M,mol m-2 s-1,sinking flux of biogenic silica at 100m,,epsi100,,sinking_mole_flux_of_particulate_silicon_in_sea_water,mol m-2 s-1,time: mean area: mean where sea,,,,,down,real,longitude latitude time depth100m,epsi100,ocnBgchem,,area: areacello,,
1.0,Downward Flux of Calcite at 100M,mol m-2 s-1,sinking flux of calcite at 100m,,epcalc100,,sinking_mole_flux_of_calcite_expressed_as_carbon_in_sea_water,mol m-2 s-1,time: mean area: where sea,,,,,down,real,longitude latitude time depth100m,epcalc100,ocnBgchem,,area: areacello,,
1.0,Downward Flux of Aragonite at 100M,mol m-2 s-1,sinking flux of aragonite at 100m,,eparag100,,sinking_mole_flux_of_aragonite_expressed_as_carbon_in_sea_water,mol m-2 s-1,time: mean area: mean where sea,,,,,down,real,longitude latitude time depth100m,eparag100,ocnBgchem,,area: areacello,,
2.0,Dissolved Inorganic Carbon Content,kg m-2,Vertically integrated DIC,,intdic,,ocean_mass_content_of_dissolved_inorganic_carbon,kg m-2,time: mean area: where sea,,,,,,real,longitude latitude time,intdic,ocnBgchem,,area: areacello,,
1.0,Surface Aqueous Partial Pressure of CO2,Pa,Surface aqueous partial pressure of CO2,,spco2,surface_partial_pressure_of_carbon_dioxide_in_sea_water,,Pa,time: mean area: mean where sea,,,,,,real,longitude latitude time,spco2,ocnBgchem,,area: areacello,,
3.0,Delta PCO2,Pa,Difference between atmospheric and oceanic partial pressure of CO2 (positive meaning ocean > atmosphere),,dpco2,,surface_carbon_dioxide_partial_pressure_difference_between_sea_water_and_air,Pa,time: mean area: where sea,,,,,,real,longitude latitude time,dpco2,ocnBgchem,,area: areacello,,
3.0,Delta PO2,Pa,Difference between atmospheric and oceanic partial pressure of O2 (positive meaning ocean > atmosphere),,dpo2,,surface_oxygen_partial_pressure_difference_between_sea_water_and_air,Pa,time: mean area: mean where sea,,,,,,real,longitude latitude time,dpo2,ocnBgchem,,area: areacello,,
1.0,Surface Downward CO2 Flux,kg m-2 s-1,Gas exchange flux of CO2 (positive into ocean),"For consistency with other fluxes, shouldn't this have units of mol m-2 s-1.   No it is better in these units for direct comparison with surface fluxes of CO2 on land",fgco2,,surface_downward_mass_flux_of_carbon_dioxide_expressed_as_carbon,kg m-2 s-1,time: mean area: where sea,,,,,down,real,longitude latitude time,fgco2,ocnBgchem,,area: areacello,,
1.0,Surface Downward O2 Flux,mol m-2 s-1,Gas exchange flux of O2 (positive into ocean),,fgo2,,surface_downward_mole_flux_of_molecular_oxygen,mol m-2 s-1,time: mean area: mean where sea,,,,,down,real,longitude latitude time,fgo2,ocnBgchem,,area: areacello,,
3.0,Surface Upward DMS Flux,mol m-2 s-1,Gas exchange flux of DMS (positive into atmosphere),,fgdms,,surface_upward_mole_flux_of_dimethyl_sulfide,mol m-2 s-1,time: mean area: where sea,,,,,up,real,longitude latitude time,fgdms,ocnBgchem,,area: areacello,,
3.0,Flux of Carbon Into Ocean Surface by Runoff and Sediment Dissolution,mol m-2 s-1,Carbon supply to ocean through runoff and sediment dissolution (neglects gas exchange),,fsc,,tendency_of_ocean_mole_content_of_carbon_due_to_runoff_and_sediment_dissolution,mol m-2 s-1,time: mean area: mean where sea,,,,,,real,longitude latitude time,fsc,ocnBgchem,,area: areacello,,
3.0,Downward Carbon Flux at Ocean Bottom,mol m-2 s-1,Carbon loss to sediments,,frc,,tendency_of_ocean_mole_content_of_carbon_due_to_sedimentation,mol m-2 s-1,time: mean area: where sea,,,,,down,real,longitude latitude time,frc,ocnBgchem,,area: areacello,,
3.0,Nitrogen Fixation Rate in Ocean,mol m-2 s-1,Vertically integrated nitrogen fixation,,intpn2,,tendency_of_ocean_mole_content_of_elemental_nitrogen_due_to_fixation,mol m-2 s-1,time: mean area: mean where sea,,,,,,real,longitude latitude time,intpn2,ocnBgchem,,area: areacello,,
3.0,Surface Downward Net Flux of Nitrogen,mol m-2 s-1,"N supply through deposition flux onto sea surface, nitrogen fixation, and runoff",,fsn,,tendency_of_ocean_mole_content_of_elemental_nitrogen_due_to_deposition_and_fixation_and_runoff,mol m-2 s-1,time: mean area: where sea,,,,,down,real,longitude latitude time,fsn,ocnBgchem,,area: areacello,,
3.0,Nitrogen Loss to Sediments and through Denitrification,mol m-2 s-1,N loss to sediment and water column denitrification,,frn,,tendency_of_ocean_mole_content_of_elemental_nitrogen_due_to_denitrification_and_sedimentation,mol m-2 s-1,time: mean area: mean where sea,,,,,,real,longitude latitude time,frn,ocnBgchem,,area: areacello,,
3.0,Surface Downward Net Flux of Iron,mol m-2 s-1,"Iron supply through deposition flux onto sea surface, runoff, coasts, sediments, etc",,fsfe,,tendency_of_ocean_mole_content_of_iron_due_to_deposition_and_runoff_and_sediment_dissolution,mol m-2 s-1,time: mean area: where sea,,,,,down,real,longitude latitude time,fsfe,ocnBgchem,,area: areacello,,
3.0,Iron Loss to Sediments,mol m-2 s-1,Iron loss to sediments,,frfe,,tendency_of_ocean_mole_content_of_iron_due_to_sedimentation,mol m-2 s-1,time: mean area: mean where sea,,,,,,real,longitude latitude time,frfe,ocnBgchem,,area: areacello,,
3.0,Oxygen Minimum Concentration,mol m-3,Vertical minimum concentration of dissolved oxygen gas,,o2min,,mole_concentration_of_molecular_oxygen_in_sea_water_at_shallowest_local_minimum_in_vertical_profile,mol m-3,time: mean area: where sea depth: minimum,,,,,,real,longitude latitude time,o2min,ocnBgchem,,area: areacello,,
3.0,Depth of Oxygen Minimum Concentration,m,"Depth of vertical minimum concentration of dissolved oxygen gas (if two, then the shallower)",,zo2min,,depth_at_shallowest_local_minimum_in_vertical_profile_of_mole_concentration_of_molecular_oxygen_in_sea_water,m,time: mean area: mean where sea,,,,,,real,longitude latitude time,zo2min,ocnBgchem,,area: areacello,,
3.0,Calcite Saturation Depth,m,"Depth of calcite saturation horizon (0 if < surface, ""missing"" if > bottom, if two, then the shallower)",,zsatcalc,,minimum_depth_of_calcite_undersaturation_in_sea_water,m,time: mean area: where sea,,,,,,real,longitude latitude time,zsatcalc,ocnBgchem,,area: areacello,,
3.0,Aragonite Saturation Depth,m,"Depth of aragonite saturation horizon (0 if < surface, ""missing""  if > bottom, if two, then the shallower)",,zsatarag,,minimum_depth_of_aragonite_undersaturation_in_sea_water,m,time: mean area: mean where sea,,,,,,real,longitude latitude time,zsatarag,ocnBgchem,,area: areacello,,
3.0,Rate of Change in Upper 100 m of Net Dissolved Inorganic Carbon,mol m-2 s-1,Net time rate of change of dissolved inorganic carbon in upper 100m,,fddtdic,,tendency_of_ocean_mole_content_of_dissolved_inorganic_carbon,mol m-2 s-1,time: mean area: where sea,,,,,,real,longitude latitude time olayer100m,fddtdic,ocnBgchem,,area: areacello,,
3.0,Rate of Change in Upper 100 m of Net Dissolved Inorganic Nitrogen,mol m-2 s-1,Net time rate of change of nitrogen nutrients (e.g. NO3+NH4) in upper 100m,,fddtdin,,tendency_of_ocean_mole_content_of_dissolved_inorganic_nitrogen,mol m-2 s-1,time: mean area: mean where sea,,,,,,real,longitude latitude time olayer100m,fddtdin,ocnBgchem,,area: areacello,,
3.0,Rate of Change in Upper 100 m of Net Dissolved Inorganic Phosphate,mol m-2 s-1,vertical integral of net  time rate of change of phosphate in upper 100m,,fddtdip,,tendency_of_ocean_mole_content_of_dissolved_inorganic_phosphorus,mol m-2 s-1,time: mean area: where sea,,,,,,real,longitude latitude time olayer100m,fddtdip,ocnBgchem,,area: areacello,,
3.0,Rate of Change in Upper 100 m of Net Dissolved Inorganic Iron,mol m-2 s-1,vertical integral of net time rate of change of dissolved inorganic iron in upper 100m,,fddtdife,,tendency_of_ocean_mole_content_of_dissolved_inorganic_iron,mol m-2 s-1,time: mean area: mean where sea,,,,,,real,longitude latitude time olayer100m,fddtdife,ocnBgchem,,area: areacello,,
3.0,Rate of Change in Upper 100 m of Net Dissolved Inorganic Silicate,mol m-2 s-1,vertical integral of net time rate of change of dissolved inorganic silicate in upper 100m,,fddtdisi,,tendency_of_ocean_mole_content_of_dissolved_inorganic_silicon,mol m-2 s-1,time: mean area: where sea,,,,,,real,longitude latitude time olayer100m,fddtdisi,ocnBgchem,,area: areacello,,
3.0,Rate of Change in Upper 100 m of Alkalinity,mol m-2 s-1,vertical integral of net time rate of change of alkalinity in upper 100m,,fddtalk,,integral_wrt_depth_of_tendency_of_sea_water_alkalinity_expressed_as_mole_equivalent,mol m-2 s-1,time: mean area: mean where sea,,,,,,real,longitude latitude time olayer100m,fddtalk,ocnBgchem,,area: areacello,,
3.0,Rate of Change in Upper 100 m of Dissolved Inorganic Carbon due to Biological Activity,mol m-2 s-1,vertical integral of net biological terms in time rate of change of dissolved inorganic carbon in upper 100m,,fbddtdic,,tendency_of_ocean_mole_content_of_dissolved_inorganic_carbon_due_to_biological_processes,mol m-2 s-1,time: mean area: where sea,,,,,,real,longitude latitude time olayer100m,fbddtdic,ocnBgchem,,area: areacello,,
3.0,Rate of Change in Upper 100 m of Dissolved Inorganic Nitrogen due to Biological Activity,mol m-2 s-1,vertical integral of net biological terms in time rate of change of nitrogen nutrients (e.g. NO3+NH4) in upper 100m,,fbddtdin,,tendency_of_ocean_mole_content_of_dissolved_inorganic_nitrogen_due_to_biological_processes,mol m-2 s-1,time: mean area: mean where sea,,,,,,real,longitude latitude time olayer100m,fbddtdin,ocnBgchem,,area: areacello,,
3.0,Rate of Change in Upper 100 m of Dissolved Inorganic Phosphate due to Biological Activity,mol m-2 s-1,vertical integral of net biological terms in time rate of change of phosphate in upper 100m,,fbddtdip,,tendency_of_ocean_mole_content_of_dissolved_inorganic_phosphorus_due_to_biological_processes,mol m-2 s-1,time: mean area: where sea,,,,,,real,longitude latitude time olayer100m,fbddtdip,ocnBgchem,,area: areacello,,
3.0,Rate of Change in Upper 100 m of Dissolved Inorganic Iron due to Biological Activity,mol m-2 s-1,vertical integral of net biological terms in time rate of change of dissolved inorganic iron in upper 100m,,fbddtdife,,tendency_of_ocean_mole_content_of_dissolved_inorganic_iron_due_to_biological_processes,mol m-2 s-1,time: mean area: mean where sea,,,,,,real,longitude latitude time olayer100m,fbddtdife,ocnBgchem,,area: areacello,,
3.0,Rate of Change in Upper 100 m of Dissolved Inorganic Silicate due to Biological Activity,mol m-2 s-1,vertical integral of net biological terms in time rate of change of dissolved inorganic silicate in upper 100m,,fbddtdisi,,tendency_of_ocean_mole_content_of_dissolved_inorganic_silicon_due_to_biological_processes,mol m-2 s-1,time: mean area: where sea,,,,,,real,longitude latitude time olayer100m,fbddtdisi,ocnBgchem,,area: areacello,,
3.0,Rate of Change in Upper 100 m of Biological Alkalinity due to Biological Activity,mol m-2 s-1,vertical integral of net biological terms in time rate of change of alkalinity in upper 100m,,fbddtalk,,integral_wrt_depth_of_tendency_of_sea_water_alkalinity_expressed_as_mole_equivalent_due_to_biological_processes,mol m-2 s-1,time: mean area: mean where sea,,,,,,real,longitude latitude time olayer100m,fbddtalk,ocnBgchem,,area: areacello,,
"Further explanation of the fields in the following tables can be found in Griffies et al., available at  http://eprints.soton.ac.uk/65415/01/137_WGOMD_ModelOutput.pdf .  ",,,,,,,,,,,,,,,,,,,,,,
In CMOR Table Omon: WGOMD Table 2.2,,,,,,,,,,,,,,,,,,,,,,
priority,long name,units ,comment ,questions,output variable name ,standard name,unconfirmed or proposed standard name,unformatted units,cell_methods,valid min,valid max,mean absolute min,mean absolute max,positive,type,CMOR dimensions,CMOR variable name,realm,frequency,cell_measures,flag_values,flag_meanings
1.0,Sea Water Mass ,kg ,,,masso,sea_water_mass,,kg ,time: mean area: sum where sea,,,,,,real,time,masso,ocean,,,,
1.0,Sea Water Pressure at Sea floor ,dbar ,,,pbo,sea_water_pressure_at_sea_floor,,dbar ,time: mean,,,,,,real,longitude latitude time,pbo,ocean,,area: areacello,,
2.0,Sea Water Pressure at Sea Water Surface ,dbar ,,,pso,sea_water_pressure_at_sea_water_surface,,dbar ,time: mean,,,,,,real,longitude latitude time,pso,ocean,,area: areacello,,
1.0,Sea Water Volume ,m3,,,volo,sea_water_volume,,m3,time: mean area: sum where sea,,,,,,real,time,volo,ocean,,,,
1.0,Sea Surface Height Above Geoid ,m ,,,zos,sea_surface_height_above_geoid,,m ,time: mean,,,,,,real,longitude latitude time,zos,ocean,,area: areacello,,
3.0,Square of Sea Surface Height Above Geoid ,m2,,,zossq,square_of_sea_surface_height_above_geoid,,m2,time: mean,,,,,,real,longitude latitude time,zossq,ocean,,area: areacello,,
1.0,Global Average Sea Level Change ,m ,,,zosga,global_average_sea_level_change,,m ,time: mean area: mean where sea,,,,,,real,time,zosga,ocean,,,,
1.0,Global Average Steric Sea Level Change ,m ,,,zossga,global_average_steric_sea_level_change,,m ,time: mean area: mean where sea,,,,,,real,time,zossga,ocean,,,,
1.0,Global Average Thermosteric Sea Level Change ,m ,,,zostoga,global_average_thermosteric_sea_level_change,,m ,time: mean area: mean where sea,,,,,,real,time,zostoga,ocean,,,,
1.0,Sea Water Mass Per Unit Area ,kg m-2,,,masscello,sea_water_mass_per_unit_area,,kg m-2,time: mean,,,,,,real,longitude latitude olevel time,masscello,ocean,,area: areacello volume: volcello,,
1.0,Ocean Model Cell Thickness ,m ,,,thkcello,cell_thickness,,m ,time: mean,,,,,,real,longitude latitude olevel time,thkcello,ocean,,area: areacello volume: volcello,,
1.0,Sea Water Potential Temperature ,K ,,,thetao,sea_water_potential_temperature,,K ,time: mean,,,,,,real,longitude latitude olevel time,thetao,ocean,,area: areacello volume: volcello,,
1.0,Global Average Sea Water Potential Temperature ,K ,,,thetaoga,sea_water_potential_temperature,,K ,time: mean area: mean where sea,,,,,,real,time,thetaoga,ocean,,,,
2.0,Sea Surface Temperature ,K ,"this may differ from ""surface temperature"" in regions of sea ice.",,tos,sea_surface_temperature,,K ,time: mean,,,,,,real,longitude latitude time,tos,ocean,,area: areacello,,
,,,,,,,,,,,,,,,,,,,,,,
3.0,Square of Sea Surface Temperature ,K2 ,,,tossq,square_of_sea_surface_temperature,,K2 ,time: mean,,,,,,real,longitude latitude time,tossq,ocean,,area: areacello,,
,,,,,,,,,,,,,,,,,,,,,,
1.0,Sea Water Salinity ,psu ,,,so,sea_water_salinity,,psu ,time: mean,,,,,,real,longitude latitude olevel time,so,ocean,,area: areacello volume: volcello,,
1.0,Global Mean Sea Water Salinity ,psu ,,,soga,sea_water_salinity,,psu ,time: mean area: mean where sea,,,,,,real,time,soga,ocean,,,,
2.0,Sea Surface Salinity ,psu ,,,sos,sea_surface_salinity,,psu ,time: mean,,,,,,real,longitude latitude time,sos,ocean,,area: areacello,,
3.0,Sea Water Potential Density ,kg m-3,,,rhopoto,sea_water_potential_density,,kg m-3,time: mean,,,,,,real,longitude latitude olevel time,rhopoto,ocean,,area: areacello volume: volcello,,
3.0,Sea Water Age Since Surface Contact ,yr ,,,agessc,sea_water_age_since_surface_contact,,yr ,time: mean,,,,,,real,longitude latitude olevel time,agessc,ocean,,area: areacello volume: volcello,,
3.0,Moles Per Unit Mass of CFC-11 in Sea Water ,mol kg-1 ,,,cfc11,moles_of_cfc11_per_unit_mass_in_sea_water,,mol kg-1 ,time: mean,,,,,,real,longitude latitude olevel time,cfc11,ocean,,area: areacello volume: volcello,,
3.0,Ocean Barotropic Mass Streamfunction ,kg s-1,differs from CMIP3 because it includes mass.,,msftbarot,ocean_barotropic_mass_streamfunction,,kg s-1,time: mean,,,,,,real,longitude latitude time,msftbarot,ocean,,area: areacello,,
3.0,Ocean Mixed Layer Thickness Defined by Sigma T ,m ,,,mlotst,ocean_mixed_layer_thickness_defined_by_sigma_t,,m ,time: mean,,,,,,real,longitude latitude time,mlotst,ocean,,area: areacello,,
3.0,Square of Ocean Mixed Layer Thickness Defined by Sigma T ,m2,,,mlotstsq,square_of_ocean_mixed_layer_thickness_defined_by_sigma_t,,m2,time: mean,,,,,,real,longitude latitude time,mlotstsq,ocean,,area: areacello,,
3.0,Mean Daily Maximum Ocean Mixed Layer Thickness Defined by Mixing Scheme ,m ,,,omldamax,ocean_mixed_layer_thickness_defined_by_mixing_scheme,,m ,time: maximum within days time: mean over days,,,,,,real,longitude latitude time,omldamax,ocean,,area: areacello,,
3.0,Monthly Maximum Ocean Mixed Layer Thickness Defined by Mixing Scheme ,m ,,,omlmax,ocean_mixed_layer_thickness_defined_by_mixing_scheme,,m ,time: maximum,,,,,,real,longitude latitude time,omlmax,ocean,,area: areacello,,
In CMOR Table Omon: WGOMD Table 2.3,,,,,,,,,,,,,,,,,,,,,,
priority,long name,units ,comment ,questions,output variable name ,standard name,unconfirmed or proposed standard name,unformatted units,cell_methods,valid min,valid max,mean absolute min,mean absolute max,positive,type,CMOR dimensions,CMOR variable name,realm,frequency,cell_measures,flag_values,flag_meanings
1.0,Sea Water X Velocity ,m s-1,,,uo,sea_water_x_velocity,,m s-1,time: mean,,,,,,real,longitude latitude olevel time,uo,ocean,,area: areacello volume: volcello,,
1.0,Sea Water Y Velocity ,m s-1,,,vo,sea_water_y_velocity,,m s-1,time: mean,,,,,,real,longitude latitude olevel time,vo,ocean,,area: areacello volume: volcello,,
1.0,Upward Ocean Mass Transport ,kg s-1,"differs from CMIP3, which only had upward velocity.",,wmo,upward_ocean_mass_transport,,kg s-1,time: mean,,,,,,real,longitude latitude olevel time,wmo,ocean,,area: areacello volume: volcello,,
1.0,Square of Upward Ocean Mass Transport ,kg2 s-2,,,wmosq,square_of_upward_ocean_mass_transport,,kg2 s-2,time: mean,,,,,,real,longitude latitude olevel time,wmosq,ocean,,area: areacello volume: volcello,,
2.0,Ocean Mass X Transport ,kg s-1,,,umo,ocean_mass_x_transport,,kg s-1,time: mean,,,,,,real,longitude latitude olevel time,umo,ocean,,area: areacello volume: volcello,,
2.0,Ocean Mass Y Transport ,kg s-1,,,vmo,ocean_mass_y_transport,,kg s-1,time: mean,,,,,,real,longitude latitude olevel time,vmo,ocean,,area: areacello volume: volcello,,
2.0,Ocean Meridional Overturning Mass Streamfunction ,kg s-1,"function of Y, Z, basin. differs from CMIP3 because it includes mass.",,msftmyz,ocean_meridional_overturning_mass_streamfunction,,kg s-1,time: mean longitude: mean,,,,,,real,latitude olevel basin time,msftmyz,ocean,,,,
2.0,Ocean Meridional Overturning Mass Streamfunction ,kg s-1,function of of Y-rho-basin.,,msftmrhoz,ocean_meridional_overturning_mass_streamfunction,,kg s-1,time: mean longitude: mean,,,,,,real,latitude rho basin time,msftmrhoz,ocean,,,,
2.0,Ocean Y Overturning Mass Streamfunction ,kg s-1,"function of Y, Z, basin. ",,msftyyz,ocean_y_overturning_mass_streamfunction,,kg s-1,time: mean longitude: mean,,,,,,real,latitude olevel basin time,msftyyz,ocean,,,,
2.0,Ocean Y Overturning Mass Streamfunction ,kg s-1,"function of Y, rho, basin.",,msftyrhoz,ocean_y_overturning_mass_streamfunction,,kg s-1,time: mean longitude: mean,,,,,,real,latitude rho basin time,msftyrhoz,ocean,,,,
3.0,Ocean Meridional Overturning Mass Streamfunction due to Bolus Advection ,kg s-1,"function of Y, Z, basin. ",,msftmyzba,ocean_meridional_overturning_mass_streamfunction_due_to_bolus_advection,,kg s-1,time: mean longitude: mean,,,,,,real,latitude olevel basin time,msftmyzba,ocean,,,,
3.0,Ocean Meridional Overturning Mass Streamfunction due to Bolus Advection ,kg s-1,"function of Y, rho, basin.",,msftmrhozba,ocean_meridional_overturning_mass_streamfunction_due_to_bolus_advection,,kg s-1,time: mean longitude: mean,,,,,,real,latitude rho basin time,msftmrhozba,ocean,,,,
3.0,Ocean Y Overturning Mass Streamfunction due to Bolus Advection ,kg s-1,"function of Y, Z, basin. ",,msftyyzba,ocean_y_overturning_mass_streamfunction_due_to_bolus_advection,,kg s-1,time: mean longitude: mean,,,,,,real,latitude olevel basin time,msftyyzba,ocean,,,,
3.0,Ocean Y Overturning Mass Streamfunction due to Bolus Advection ,kg s-1,"function of Y, rho, basin.",,msftyrhozba,ocean_y_overturning_mass_streamfunction_due_to_bolus_advection,,kg s-1,time: mean longitude: mean,,,,,,real,latitude rho basin time,msftyrhozba,ocean,,,,
2.0,Northward Ocean Heat Transport ,W ,"For a model with a cartesian latxlon grid, this is the same as the ""Ocean Heat Y Transport"" in line 108.",,hfnorth,northward_ocean_heat_transport,,W ,time: mean,,,,,,real,longitude latitude time,hfnorth,ocean,,area: areacello,,
3.0,Northward Ocean Heat Transport due to Bolus Advection ,W ,,,hfnorthba,northward_ocean_heat_transport_due_to_bolus_advection,,W ,time: mean,,,,,,real,longitude latitude time,hfnorthba,ocean,,area: areacello,,
3.0,Northward Ocean Heat Transport due to Diffusion ,W ,,,hfnorthdiff,northward_ocean_heat_transport_due_to_diffusion,,W ,time: mean,,,,,,real,longitude latitude time,hfnorthdiff,ocean,,area: areacello,,
2.0,Ocean Heat X Transport ,W ,,,hfx,ocean_heat_x_transport,,W ,time: mean,,,,,,real,longitude latitude time,hfx,ocean,,area: areacello,,
2.0,Ocean Heat Y Transport ,W ,"For a model with a cartesian latxlon grid, this is the same as the ""Northward Ocean Heat Transport"" in line 104.",,hfy,ocean_heat_y_transport,,W ,time: mean,,,,,,real,longitude latitude time,hfy,ocean,,area: areacello,,
3.0,Ocean Heat X Transport due to Bolus Advection ,W ,,,hfxba,ocean_heat_x_transport_due_to_bolus_advection,,W ,time: mean,,,,,,real,longitude latitude time,hfxba,ocean,,area: areacello,,
3.0,Ocean Heat X Transport due to Diffusion ,W ,,,hfxdiff,ocean_heat_x_transport_due_to_diffusion,,W ,time: mean,,,,,,real,longitude latitude time,hfxdiff,ocean,,area: areacello,,
3.0,Ocean Heat Y Transport due to Bolus Advection ,W ,,,hfyba,ocean_heat_y_transport_due_to_bolus_advection,,W ,time: mean,,,,,,real,longitude latitude time,hfyba,ocean,,area: areacello,,
3.0,Ocean Heat Y Transport due to Diffussion,W ,,,hfydiff,ocean_heat_y_transport_due_to_diffusion,,W ,time: mean,,,,,,real,longitude latitude time,hfydiff,ocean,,area: areacello,,
2.0,Northward Ocean Heat Transport due to Gyre ,W ,"function of Y, basin",,htovgyre,northward_ocean_heat_transport_due_to_gyre,,W ,time: mean longitude: mean,,,,,,real,latitude basin time,htovgyre,ocean,,,,
2.0,Northward Ocean Heat Transport due to Overturning ,W ,"function of Y, basin",,htovovrt,northward_ocean_heat_transport_due_to_overturning,,W ,time: mean longitude: mean,,,,,,real,latitude basin time,htovovrt,ocean,,,,
2.0,Northward Ocean Salt Transport due to Gyre ,kg s-1,"function of Y, basin",,sltovgyre,northward_ocean_salt_transport_due_to_gyre,,kg s-1,time: mean longitude: mean,,,,,,real,latitude basin time,sltovgyre,ocean,,,,
2.0,Northward Ocean Salt Transport due to Overturning ,kg s-1,"function of Y, basin",,sltovovrt,northward_ocean_salt_transport_due_to_overturning,,kg s-1,time: mean longitude: mean,,,,,,real,latitude basin time,sltovovrt,ocean,,,,
In CMOR Table Omon: WGOMD Table 2.4,,,,,,,,,,,,,,,,,,,,,,
"sea water transport through (or associated with) the following straits, openings, channels, passages, etc.:  barents_opening, bering_strait, canadian_archipelago, denmark_strait, drake_passage, english_channel, pacific_equatorial_undercurrent, faroe_scotland_channel, florida_bahamas_strait, fram_strait, iceland_faroe_channel, indonesian_thoughflow, mozambique_channel, taiwan_luzon_straits, and windward_passage.  For definitions see WGOMD document referenced above.  All transports will be stored in a single variable with a dimension that covers the set of regions listed here.",,,,,,,,,,,,,,,,,,,,,,
priority,long name,units ,comment ,questions,output variable name ,standard name,unconfirmed or proposed standard name,unformatted units,cell_methods,valid min,valid max,mean absolute min,mean absolute max,positive,type,CMOR dimensions,CMOR variable name,realm,frequency,cell_measures,flag_values,flag_meanings
2.0,Sea Water Transport,kg s-1,,,mfo,,sea_water_transport_across_line,kg s-1,time: mean,,,,,,real,oline time,mfo,ocean,,,,
In CMOR Table Omon: WGOMD Table 2.5,,,,,,,,,,,,,,,,,,,,,,
priority,long name,units ,comment ,questions,output variable name ,standard name,unconfirmed or proposed standard name,unformatted units,cell_methods,valid min,valid max,mean absolute min,mean absolute max,positive,type,CMOR dimensions,CMOR variable name,realm,frequency,cell_measures,flag_values,flag_meanings
2.0,Rainfall Flux where Ice Free Ocean over Sea,kg m-2 s-1,compute as the total mass of liquid water falling as liquid rain  into the ice-free portion of the ocean divided by the area of the ocean portion of the grid cell.,,pr,rainfall_flux,,kg m-2 s-1,time: mean area: mean where ice_free_sea over sea,,,,,,real,longitude latitude time,pr,ocean,,area: areacello,,
2.0,Snowfall Flux where Ice Free Ocean over Sea,kg m-2 s-1,compute as the total mass of ice directly falling as snow into the ice-free portion of the ocean divided by the area of the ocean portion of the grid cell.,,prsn,snowfall_flux,,kg m-2 s-1,time: mean area: mean where ice_free_sea over sea,,,,,,real,longitude latitude time,prsn,ocean,,area: areacello,,
2.0,Water Evaporation Flux Where Ice Free Ocean over Sea,kg m-2 s-1,compute as the total mass of water vapor evaporating from the ice-free portion of the ocean  divided by the area of the ocean portion of the grid cell.,,evs,water_evaporation_flux,,kg m-2 s-1,time: mean area: mean where ice_free_sea over sea,,,,,,real,longitude latitude time,evs,ocean,,area: areacello,,
2.0,Water Flux into Sea Water From Rivers ,kg m-2 s-1,compute as the river flux of water into the ocean divided by the area of the ocean portion of the grid cell.,,friver,water_flux_into_sea_water_from_rivers,,kg m-2 s-1,time: mean area: mean where sea,,,,,,real,longitude latitude time,friver,ocean,,area: areacello,,
2.0,Water Flux into Sea Water From Icebergs ,kg m-2 s-1,compute as the iceberg melt water  flux into the ocean divided by the area of the ocean portion of the grid cell.,,ficeberg,water_flux_into_sea_water_from_icebergs,,kg m-2 s-1,time: mean area: mean where sea,,,,,,real,longitude latitude olevel time,ficeberg,ocean,,area: areacello volume: volcello,,
1.0,Water Flux into Sea Water due to Sea Ice Thermodynamics ,kg m-2 s-1,compute as the sea ice thermodynamic water flux into the ocean divided by the area of the ocean portion of the grid cell.,The priority set by the WGOMD was 2 for this field.  The sea-ice folks requested that the priority be raised to 1.,fsitherm,water_flux_into_sea_water_due_to_sea_ice_thermodynamics,,kg m-2 s-1,time: mean area: mean where sea,,,,,,real,longitude latitude time,fsitherm,ocean seaIce,,area: areacello,,
2.0,Water Flux into Sea Water ,kg m-2 s-1,compute as the water  flux into the ocean divided by the area of the ocean portion of the grid cell.  This is the sum of the next two variables in this table.,,wfo,water_flux_into_sea_water,,kg m-2 s-1,time: mean area: mean where sea,,,,,,real,longitude latitude time,wfo,ocean,,area: areacello,,
2.0,Water Flux into Sea Water Without Flux Correction ,kg m-2 s-1,compute as the water  flux (without flux correction) into the ocean divided by the area of the ocean portion of the grid cell.  This is the sum of the first 6 variables in this table?,,wfonocorr,water_flux_into_sea_water_without_flux_correction,,kg m-2 s-1,time: mean area: mean where sea,,,,,,real,longitude latitude time,wfonocorr,ocean,,area: areacello,,
2.0,Water Flux Correction ,kg m-2 s-1,"If this does not vary from one year to the next, report only a single year.  Positive flux implies correction adds water to ocean.",,wfcorr ,water_flux_correction,,kg m-2 s-1,time: mean area: mean where sea,,,,,down,real,longitude latitude time,wfcorr ,ocean,,area: areacello,,
In CMOR Table Omon: WGOMD Table 2.6,,,,,,,,,,,,,,,,,,,,,,
priority,long name,units ,comment ,questions,output variable name ,standard name,unconfirmed or proposed standard name,unformatted units,cell_methods,valid min,valid max,mean absolute min,mean absolute max,positive,type,CMOR dimensions,CMOR variable name,realm,frequency,cell_measures,flag_values,flag_meanings
2.0,Virtual Salt Flux into Sea Water due to Rainfall ,kg m-2 s-1,,,vsfpr,virtual_salt_flux_into_sea_water_due_to_rainfall,,kg m-2 s-1,time: mean area: mean where sea,,,,,,real,longitude latitude time,vsfpr,ocean,,area: areacello,,
2.0,Virtual Salt Flux into Sea Water due to Evaporation ,kg m-2 s-1,,,vsfevap,virtual_salt_flux_into_sea_water_due_to_evaporation,,kg m-2 s-1,time: mean area: mean where sea,,,,,,real,longitude latitude time,vsfevap,ocean,,area: areacello,,
2.0,Virtual Salt Flux into Sea Water From Rivers ,kg m-2 s-1,,,vsfriver,virtual_salt_flux_into_sea_water_from_rivers,,kg m-2 s-1,time: mean area: mean where sea,,,,,,real,longitude latitude time,vsfriver,ocean,,area: areacello,,
1.0,Virtual Salt Flux into Sea Water due to Sea Ice Thermodynamics ,kg m-2 s-1,This variable measures the virtual salt flux into sea water due to the melting of sea ice. It is set to zero in models which receive a real water flux.,The priority set by the WGOMD was 2 for this field.  The sea-ice folks requested that the priority be raised to 1.,vsfsit,virtual_salt_flux_into_sea_water_due_to_sea_ice_thermodynamics,,kg m-2 s-1,time: mean area: mean where sea,,,,,,real,longitude latitude time,vsfsit,ocean seaIce,,area: areacello,,
2.0,Virtual Salt Flux into Sea Water ,kg m-2 s-1,"If this does not vary from one year to the next, report only a single year.  Positive flux implies correction increases salinity of water.  This includes all virtual salt flux, including that due to a salt flux correction.",,vsf,virtual_salt_flux_into_sea_water,,kg m-2 s-1,time: mean area: mean where sea,,,,,,real,longitude latitude time,vsf,ocean,,area: areacello,,
2.0,Virtual Salt Flux Correction ,kg m-2 s-1,,,vsfcorr ,virtual_salt_flux_correction,,kg m-2 s-1,time: mean area: mean where sea,,,,,,real,longitude latitude time,vsfcorr ,ocean,,area: areacello,,
1.0,Downward Sea Ice Basal Salt Flux,kg m-2 s-1,"This field is physical, and it arises since sea ice has a nonzero salt content, so it exchanges salt with the liquid ocean upon melting and freezing.",The priority set by the WGOMD was 2 for this field.  The sea-ice folks requested that the priority be raised to 1. ,sfdsi,downward_sea_ice_basal_salt_flux,,kg m-2 s-1,time: mean area: mean where sea,,,,,,real,longitude latitude time,sfdsi,ocean seaIce,,area: areacello,,
2.0,Salt Flux into Sea Water from Rivers ,kg m-2 s-1,,,sfriver,salt_flux_into_sea_water_from_rivers,,kg m-2 s-1,time: mean area: mean where sea,,,,,,real,longitude latitude time,sfriver,ocean,,area: areacello,,
In CMOR Table Omon: WGOMD Table 2.7,,,,,,,,,,,,,,,,,,,,,,
priority,long name,units ,comment ,questions,output variable name ,standard name,unconfirmed or proposed standard name,unformatted units,cell_methods,valid min,valid max,mean absolute min,mean absolute max,positive,type,CMOR dimensions,CMOR variable name,realm,frequency,cell_measures,flag_values,flag_meanings
2.0,Upward Geothermal Heat Flux at Sea Floor ,W m-2,,,hfgeou,upward_geothermal_heat_flux_at_sea_floor,,W m-2,time: mean area: whre sea,,,,,up,real,longitude latitude time,hfgeou,ocean,,area: areacello,,
2.0,Temperature Flux due to Rainfall Expressed as Heat Flux into Sea Water ,W m-2,"This is defined as ""where ice_free_sea over sea""; i.e., compute the total flux (considered here) entering the ice-free portion of the grid cell divided by the area of the ocean portion of the grid cell.",,hfrainds,temperature_flux_due_to_rainfall_expressed_as_heat_flux_into_sea_water,,W m-2,time: mean area: mean where ice_free_sea over sea,,,,,down,real,longitude latitude time,hfrainds,ocean,,area: areacello,,
2.0,Temperature Flux due to Evaporation Expressed as Heat Flux Out of Sea Water ,W m-2,"This is defined as ""where ice_free_sea over sea""",,hfevapds,temperature_flux_due_to_evaporation_expressed_as_heat_flux_out_of_sea_water,,W m-2,time: mean area: mean where ice_free_sea over sea,,,,,up,real,longitude latitude time,hfevapds,ocean,,area: areacello,,
2.0,Temperature Flux due to Runoff Expressed as Heat Flux into Sea Water ,W m-2,"In general this should be reported as a function of depth, (i.e.,  it will be a function of the generic ""XYZ"" dimensions).  Include enough depth levels to represent  the non-zero values of this field everywhere on the globe. ",,hfrunoffds,temperature_flux_due_to_runoff_expressed_as_heat_flux_into_sea_water,,W m-2,time: mean area: mean where sea,,,,,,real,longitude latitude olevel time,hfrunoffds,ocean,,area: areacello volume: volcello,,
2.0,Heat Flux into Sea Water due to Snow Thermodynamics ,W m-2,"In general this should be reported as a function of depth, (i.e.,  it will be a function of the generic ""XYZ"" dimensions).  Include enough depth levels to represent  the non-zero values of this field everywhere on the globe. ",,hfsnthermds,heat_flux_into_sea_water_due_to_snow_thermodynamics,,W m-2,time: mean area: mean where sea,,,,,,real,longitude latitude olevel time,hfsnthermds,ocean,,area: areacello volume: volcello,,
1.0,Heat Flux into Sea Water due to Sea Ice Thermodynamics ,W m-2,"In general this should be reported as a function of depth, (i.e.,  it will be a function of the generic ""XYZ"" dimensions).  Include enough depth levels to represent  the non-zero values of this field everywhere on the globe. ",The priority set by the WGOMD was 2 for this field.  The sea-ice folks requested that the priority be raised to 1.,hfsithermds,heat_flux_into_sea_water_due_to_sea_ice_thermodynamics,,W m-2,time: mean area: mean where sea,,,,,,real,longitude latitude olevel time,hfsithermds,ocean seaIce,,area: areacello volume: volcello,,
2.0,Heat Flux into Sea Water due to Iceberg Thermodynamics ,W m-2,"In general this should be reported as a function of depth, (i.e.,  it will be a function of the generic ""XYZ"" dimensions).  Include enough depth levels to represent  the non-zero values of this field everywhere on the globe. ",,hfibthermds,heat_flux_into_sea_water_due_to_iceberg_thermodynamics,,W m-2,time: mean area: mean where sea,,,,,,real,longitude latitude olevel time,hfibthermds,ocean,,area: areacello volume: volcello,,
2.0,Surface Net Downward Longwave Radiation,W m-2,"This is defined as ""where ice_free_sea over sea""",,rlds,surface_net_downward_longwave_flux,,W m-2,time: mean area: mean where ice_free_sea over sea,,,,,down,real,longitude latitude time,rlds,ocean,,area: areacello,,
2.0,Surface Downward Latent Heat Flux,W m-2,"This is defined as ""where ice_free_sea over sea""",,hfls,surface_downward_latent_heat_flux,,W m-2,time: mean area: mean where ice_free_sea over sea,,,,,down,real,longitude latitude time,hfls,ocean,,area: areacello,,
2.0,Surface Downward Sensible Heat Flux,W m-2,"This is defined as ""where ice_free_sea over sea""",,hfss,surface_downward_sensible_heat_flux,,W m-2,time: mean area: mean where ice_free_sea over sea,,,,,down,real,longitude latitude time,hfss,ocean,,area: areacello,,
2.0,Net Downward Shortwave Radiation at Sea Water Surface ,W m-2,"This is the flux into the surface of liquid sea water only. This excludes shortwave flux absorbed by sea ice, but includes any light that passes through the ice and is absorbed by the ocean.",,rsntds,,net_downward_shortwave_flux_at_sea_water_surface,W m-2,time: mean area: mean where sea,,,,,down,real,longitude latitude time,rsntds,ocean,,area: areacello,,
2.0,Downwelling Shortwave Radiation in Sea Water ,W m-2,"In general the shortwave flux should be reported as a function of ocean depth, (i.e.,  it will be a function of the generic ""XYZ"" dimensions).  Include enough depth levels to represent  the non-zero values of this field everywhere on the globe. ",,rsds,downwelling_shortwave_flux_in_sea_water,,W m-2,time: mean area: mean where sea,,,,,down,real,longitude latitude olevel time,rsds,ocean,,area: areacello volume: volcello,,
2.0,Heat Flux Correction ,W m-2,"If this does not vary from one year to the next, report only a single year.  Positive indicates correction adds heat to ocean.",,hfcorr ,heat_flux_correction,,W m-2,time: mean area: mean where sea,,,,,down,real,longitude latitude time,hfcorr ,ocean,,area: areacello,,
1.0,Downward Heat Flux at Sea Water Surface,W m-2,"This is the net flux of heat entering the liquid water column through its upper surface (excluding any ""flux adjustment"") .",,hfds,,downward_heat_flux_at_sea_water_surface,W m-2,time: mean area: mean where sea,,,,,down,real,longitude latitude time,hfds,ocean,,area: areacello,,
In CMOR Table Omon: WGOMD Table 2.8,,,,,,,,,,,,,,,,,,,,,,
priority,long name,units ,comment ,questions,output variable name ,standard name,unconfirmed or proposed standard name,unformatted units,cell_methods,valid min,valid max,mean absolute min,mean absolute max,positive,type,CMOR dimensions,CMOR variable name,realm,frequency,cell_measures,flag_values,flag_meanings
2.0,Surface Downward X Stress ,N m-2,"This is the stress on the liquid ocean from overlying atmosphere, sea ice, ice shelf, etc.",,tauuo ,surface_downward_x_stress,,N m-2,time: mean area: mean where sea,,,,,down,real,longitude latitude time,tauuo ,ocean,,area: areacello,,
2.0,Surface Downward Y Stress ,N m-2,"This is the stress on the liquid ocean from overlying atmosphere, sea ice, ice shelf, etc.",,tauvo ,surface_downward_y_stress,,N m-2,time: mean area: mean where sea,,,,,down,real,longitude latitude time,tauvo ,ocean,,area: areacello,,
2.0,Surface Downward X Stress Correction ,N m-2,"This is the stress on the liquid ocean from overlying atmosphere, sea ice, ice shelf, etc.  If this does not vary from one year to the next, report only a single year.",,tauucorr ,surface_downward_x_stress_correction,,N m-2,time: mean area: mean where sea,,,,,down,real,longitude latitude time,tauucorr ,ocean,,area: areacello,,
2.0,Surface Downward Y Stress Correction ,N m-2,"This is the stress on the liquid ocean from overlying atmosphere, sea ice, ice shelf, etc.  If this does not vary from one year to the next, report only a single year.",,tauvcorr ,surface_downward_y_stress_correction,,N m-2,time: mean area: mean where sea,,,,,down,real,longitude latitude time,tauvcorr ,ocean,,area: areacello,,


